ID,Name,Category,Lowest Price,Highest Price,Price Savings,Currency,Available At,Source Count,Images,Description
unified_dbbc78616d86,Fancy Pearl Hair band - UBK1487,Hair Pins,,,,INR,unboxkar,1,5,
unified_88ac94384d92,Frosted Pastel Hair Claw - UBK1691,Hair Pins,,,,INR,unboxkar,1,5,
unified_643b5b72fca4,Korean Matt pins (Set of 2) - UBK1934,Hair Pins,,,,INR,unboxkar,1,5,
unified_ad01aa5de5b0,Shaped Pearl Tic tac (6Pcs) - UBK925,Hair Pins,,,,INR,unboxkar,1,5,
unified_31438d21fd33,Butterfly hair pins ( 2 pcs ) - UBK1767,Hair Pins,,,,INR,unboxkar,1,5,
unified_d50630939a04,Bobby Pins - UBK2060,Hair Pins,,,,INR,unboxkar,1,5,
unified_65a5d340e86d,Matt Bobby Pins - UBK773,Hair Pins,,,,INR,unboxkar,1,5,
unified_3ec618f10b9d,Matt hair pins (Pack of 3) - UBK2144,Hair Pins,,,,INR,unboxkar,1,5,
unified_0413e4c178b4,Marble Hair pins (Set of 2)- UBK2108,Hair Pins,,,,INR,unboxkar,1,5,
unified_667bf43f574c,Heart Hair Clip with Alligator pin - UBK1025,Hair Pins,,,,INR,unboxkar,1,5,
unified_1aa88c912f84,Matt finish plain alligator pin ( Set of 3 ) - UBK2110,Hair Pins,,,,INR,unboxkar,1,5,
unified_0eea31c929b6,Slide in hair pin - UBK2147,Hair Pins,,,,INR,unboxkar,1,5,
unified_c84b33277723,Shiny bow Hair Pin - UBK1681,Hair Pins,,,,INR,unboxkar,1,5,
unified_e03b057c6301,Stone heart pins (Pack of 2) - UBK2123,Hair Pins,,,,INR,unboxkar,1,5,
unified_7f0d067c2acd,Cute Cartoon Snap Hair Clip Set (2 pcs) – UBK3119,Hair Pins,,,,INR,unboxkar,1,5,
unified_138847e9132c,Matt alligator Hair Pin - UBK2274,Hair Pins,,,,INR,unboxkar,1,5,
unified_19fcac4cfe0f,Pearl hai pins (3Pcs) - UBK2769,Hair Pins,,,,INR,unboxkar,1,5,
unified_d9c01881440f,Matte Solid Hair Clip Set (2 pcs) – UBK3116,Hair Pins,,,,INR,unboxkar,1,5,
unified_0cbfa49e791c,Plain Hair bow (Hair pin) - UBK3042,Hair Pins,,,,INR,unboxkar,1,5,
unified_7894e0e5acd9,Golden butterfly Hair pins (Set of 2)- UBK2594,Hair Pins,,,,INR,unboxkar,1,5,
unified_4f8e3fa911ad,Designer hair pins (Set of 2) - UBK2860,Hair Pins,,,,INR,unboxkar,1,5,
unified_3194ef6d1bd5,Heart shaded hair pins (2Pcs) - UBK3028,Hair Pins,,,,INR,unboxkar,1,5,
unified_b419be29dbb6,Pearl Hair band - UBK900,Headbands,,,,INR,"unboxkar, unboxkar, unboxkar",3,5,
unified_01d9aacda207,Fancy Hair band - UBK1083,Headbands,,,,INR,unboxkar,1,5,
unified_d49dd083119e,Face Wash Wristband - UBK2330,Headbands,,,,INR,unboxkar,1,5,
unified_0c6ff7e12573,Hair Accessories Gift set - UBK3034,Headbands,,,,INR,unboxkar,1,5,
unified_7aa6bd2a04c4,Fancy Headband - UBK1089,Headbands,,,,INR,unboxkar,1,5,
unified_38d634fde56d,Pearl hairband + 3 Pins - UBK2893,Headbands,,,,INR,unboxkar,1,5,
unified_0cf89be7a503,Sanrio Plush Character Headband – UBK3383,Headbands,,,,INR,unboxkar,1,5,
unified_0dee5881c3d6,Pearl hairband with spiral hair tie - UBK2892,Headbands,,,,INR,unboxkar,1,5,
unified_0146411cffe2,Solid Knot Bow Headband – UBK3385,Headbands,,,,INR,unboxkar,1,5,
unified_1d137ce7226a,Polka Dot Bow Headband – UBK3386,Headbands,,,,INR,unboxkar,1,5,
unified_ca51dad55d4b,Daisy Print Bow Headband – UBK3388,Headbands,,,,INR,unboxkar,1,5,
unified_9d745accdd2a,Striped Bow Headband – UBK3384,Headbands,,,,INR,unboxkar,1,5,
unified_5f95f6516bae,Tiny Dot Bow Headband – UBK3389,Headbands,,,,INR,unboxkar,1,5,
unified_e4166a25aff5,Floral Daisy Bow Headband – UBK3387,Headbands,,,,INR,unboxkar,1,5,
unified_f65146064984,Unboxkar Zipper Pouch 😍 (Pack of 5),Utility,,,,INR,unboxkar,1,5,
unified_de0c93c0d212,Cute nail cutter - UBK2354,Utility,,,,INR,unboxkar,1,5,
unified_0bbb223efd82,Printed Protective Case For Eyewear - UBK2353,Utility,,,,INR,unboxkar,1,5,
unified_6ee0115ea3d5,Printed Zipper Pouch 😍 (Pack of 5) - UBK2344,Utility,,,,INR,unboxkar,1,5,
unified_ee333f827db6,Face Mask Mixing Tool with Spoon and Brush (Set of 6) - UBK2355,Utility,,,,INR,unboxkar,1,5,
unified_4bee78cb2565,Makeup Sponge with Case - UBK2818,Utility,,,,INR,unboxkar,1,5,
unified_f2878f4d8528,Face Wash Wristband (2Pcs) - UBK3004,Utility,,,,INR,unboxkar,1,5,
unified_0166b1f405ab,Hair Styling Kit (10 pcs)- UBK2177,Utility,,,,INR,unboxkar,1,5,
unified_1acfed09bff9,Bamboo Cotton Ear Buds (100 Pcs) - UBK2811,Utility,,,,INR,unboxkar,1,5,
unified_59ac56c45af8,Reusable shower cap - UBK2807,Utility,,,,INR,unboxkar,1,5,
unified_cfdbb5127743,Enamel Cute Pins Set – UBK3451,Utility,,,,INR,unboxkar,1,5,
unified_336325692cbd,Silicone Jewelry Case - UBK2810,Utility,,,,INR,unboxkar,1,5,
unified_a7ee9c12a8f2,Glitter Cute nail cutter - UBK2800,Utility,,,,INR,unboxkar,1,5,
unified_20c951f6e7d9,Funky Statement Brooches - UBK3167,Utility,,,,INR,unboxkar,1,5,
unified_c63cad4a6635,Teeth Flosser (Pack of 50) - UBK2626,Utility,,,,INR,unboxkar,1,5,
unified_2e982c4891ab,Sneaker wet wipes - UBK2808,Utility,,,,INR,unboxkar,1,5,
unified_361d13537ab4,Facial Blotting Paper- UBK2801,Utility,,,,INR,unboxkar,1,5,
unified_0de1ad05a309,Makeup Sponge Set with stand (3Pcs) - UBK2817,Utility,,,,INR,unboxkar,1,5,
unified_1e7d91848fb0,Hair Curlers (Set of 4) - UBK2925,Utility,,,,INR,unboxkar,1,5,
unified_153e37539988,Makeup Mirror with tray 360° - UBK2217,Utility,,,,INR,unboxkar,1,5,
unified_f31f92fbf549,Wooden Comb - UBK1350,Hair Brush,,,,INR,unboxkar,1,5,
unified_dde963e869bf,Korean Style wooden Hair Brush - UBK2620,Hair Brush,,,,INR,"unboxkar, unboxkar",2,5,
unified_ba102c30711e,Korean Style hair comb - UBK2797,Hair Brush,,,,INR,unboxkar,1,5,
unified_bfd3f59a819a,Heart Glitter mini Hair Brush - UBK2103,Hair Brush,,,,INR,unboxkar,1,5,
unified_4dead1f466c4,Cartoon Handle Comb – UBK3355,Hair Brush,,,,INR,unboxkar,1,5,
unified_ca4b2a1e4883,Cute Liquid Glitter Hair Brush – UBK3373,Hair Brush,,,,INR,unboxkar,1,5,
unified_2b9c27e28bf9,4-in-1 Hair Comb Set – UBK3375,Hair Brush,,,,INR,unboxkar,1,5,
unified_f4affa7286bb,Spiral Grip Detangling Hair Brush – UBK3453,Hair Brush,,,,INR,unboxkar,1,5,
unified_58ce291f9a44,Cute Paw Glitter Kids Hair Brush – UBK3452,Hair Brush,,,,INR,unboxkar,1,5,
unified_69f434447882,Paddle Hair Brush with Soft Bristles – UBK3631,Hair Brush,,,,INR,unboxkar,1,5,
unified_fe2f60cdd9b0,Pastel Twisted Handle Hair Comb – UBK3629,Hair Brush,,,,INR,unboxkar,1,5,
unified_c1d05b060216,Blush & Bloom Valentine Box 🌸,Gifting,,,,INR,unboxkar,1,5,
unified_3e5bd59c4cb9,Unknown Product,Beginners Kit,650.0,650.0,0,INR,scrunchybows,1,0,"Bangles Mixed Cut (1 cut 4, 2 cut 3 sets & 4 cut 5 sets)Regular White 6 Shapes 10 Grams (3m Round, S"
unified_37a37a1289c9,Unknown Product,Round Bangles,120.0,120.0,0,INR,scrunchybows,1,0,
unified_3cbd28072459,Unknown Product,Round Bangles,120.0,120.0,0,INR,scrunchybows,1,0,
unified_270eee253841,Unknown Product,Round Bangles,120.0,120.0,0,INR,scrunchybows,1,0,
unified_20024cfada0a,Unknown Product,Round Bangles,120.0,120.0,0,INR,scrunchybows,1,0,
unified_f14fc80ed4ae,Unknown Product,Flat Bangles,120.0,120.0,0,INR,scrunchybows,1,0,
unified_e9bb76b1131c,Unknown Product,Flat Bangles,120.0,120.0,0,INR,scrunchybows,1,0,
unified_26826487f990,Unknown Product,Flat Bangles,120.0,120.0,0,INR,scrunchybows,1,0,Order processing time 1 or 2 working days from date of order.Delivery Time from date of dispatch:And
unified_8dd579b5b07b,Unknown Product,Flat Bangles,120.0,120.0,0,INR,scrunchybows,1,0,
unified_dd434e341701,Unknown Product,Flat Bangles,15.0,15.0,0,INR,theunikart,1,0,
unified_fe018de04634,Unknown Product,Flat Bangles,225.0,225.0,0,INR,theunikart,1,0,
unified_4ffb530b81c0,Unknown Product,Flat Bangles,99.0,99.0,0,INR,theunikart,1,0,
unified_2905b3d9012c,Unknown Product,Flat Bangles,99.0,99.0,0,INR,theunikart,1,0,
unified_19745358d3b5,Unknown Product,Flat Bangles,99.0,99.0,0,INR,theunikart,1,0,
unified_af389f1f8388,Unknown Product,Flat Bangles,99.0,99.0,0,INR,theunikart,1,0,
unified_5a750ad2f003,Unknown Product,Flat Bangles,99.0,99.0,0,INR,theunikart,1,0,
unified_b5a542b70aae,Unknown Product,Flat Bangles,199.0,199.0,0,INR,theunikart,1,0,
unified_7cf7f2a99688,Unknown Product,Kids Bangles,120.0,120.0,0,INR,scrunchybows,1,0,
unified_e8b8edf51def,Unknown Product,Kids Bangles,120.0,120.0,0,INR,scrunchybows,1,0,
unified_0db8f94f81fb,Unknown Product,Kids Bangles,120.0,120.0,0,INR,scrunchybows,1,0,
unified_7f2d8f5aafb2,Unknown Product,Kids Bangles,120.0,120.0,0,INR,scrunchybows,1,0,
unified_316f873ab671,Unknown Product,Kids Bangles,120.0,120.0,0,INR,scrunchybows,1,0,
unified_42c4a1b63253,Unknown Product,Kids Bangles,120.0,120.0,0,INR,scrunchybows,1,0,
unified_bbc511795b8f,Unknown Product,Kids Bangles,120.0,120.0,0,INR,scrunchybows,1,0,
unified_c22c1d3d3ef6,Unknown Product,Silk Thread,18.0,18.0,0,INR,scrunchybows,1,0,
unified_b4088dfd0020,Unknown Product,Silk Thread,18.0,18.0,0,INR,scrunchybows,1,0,
unified_a93329fcd1bb,Unknown Product,Silk Thread,18.0,18.0,0,INR,scrunchybows,1,0,
unified_d8ebe9a199cf,Unknown Product,Silk Thread,18.0,18.0,0,INR,scrunchybows,1,0,
unified_0c1842bad475,Unknown Product,Silk Thread,18.0,18.0,0,INR,scrunchybows,1,0,
unified_7eb46affa49f,Unknown Product,Silk Thread,18.0,18.0,0,INR,scrunchybows,1,0,
unified_d5adfe10b786,Unknown Product,Silk Thread,18.0,18.0,0,INR,scrunchybows,1,0,
unified_c0eca295dca6,Unknown Product,Silk Thread,18.0,18.0,0,INR,scrunchybows,1,0,
unified_67286feba709,Unknown Product,Silk Thread,18.0,18.0,0,INR,scrunchybows,1,0,
unified_4857c13470ef,Unknown Product,Silk Thread,18.0,18.0,0,INR,scrunchybows,1,0,
unified_f62bb1822c50,Unknown Product,Silk Thread,18.0,18.0,0,INR,scrunchybows,1,0,
unified_30913fcebd3f,Unknown Product,Silk Thread,18.0,18.0,0,INR,scrunchybows,1,0,
unified_435bb80188ce,Unknown Product,Silk Thread,18.0,18.0,0,INR,scrunchybows,1,0,
unified_464d69aeeefb,Unknown Product,Silk Thread,18.0,18.0,0,INR,scrunchybows,1,0,
unified_a03c56861b3a,Unknown Product,Silk Thread,18.0,18.0,0,INR,scrunchybows,1,0,
unified_cfa712aac351,Unknown Product,Silk Thread,18.0,18.0,0,INR,scrunchybows,1,0,
unified_358432432b62,Unknown Product,Silk Thread,18.0,18.0,0,INR,scrunchybows,1,0,
unified_902cfd05ca37,Unknown Product,Silk Thread,18.0,18.0,0,INR,scrunchybows,1,0,
unified_784321ee88c6,Unknown Product,Silk Thread,18.0,18.0,0,INR,scrunchybows,1,0,
unified_58aa4e8b299d,Unknown Product,Silk Thread,18.0,18.0,0,INR,scrunchybows,1,0,
unified_de8fad2b8676,Unknown Product,Silk Thread,18.0,18.0,0,INR,scrunchybows,1,0,
unified_750b9da81066,Unknown Product,Silk Thread,18.0,18.0,0,INR,scrunchybows,1,0,
unified_9b45459b618f,Unknown Product,Silk Thread,18.0,18.0,0,INR,scrunchybows,1,0,
unified_e18f50de621f,Unknown Product,Silk Thread,18.0,18.0,0,INR,scrunchybows,1,0,
unified_947690c2e371,Unknown Product,Silk Thread,18.0,18.0,0,INR,scrunchybows,1,0,
unified_c69c63ed4f22,Unknown Product,Silk Thread,18.0,18.0,0,INR,scrunchybows,1,0,
unified_2fbf30d94714,Unknown Product,Silk Thread,18.0,18.0,0,INR,scrunchybows,1,0,
unified_45e1a166d2c4,Unknown Product,Silk Thread,18.0,18.0,0,INR,scrunchybows,1,0,
unified_45bb8a9ac541,Unknown Product,Silk Thread,18.0,18.0,0,INR,scrunchybows,1,0,
unified_f44ae30984e9,Unknown Product,Silk Thread,18.0,18.0,0,INR,scrunchybows,1,0,
unified_296e131bde64,Unknown Product,Silk Thread,18.0,18.0,0,INR,scrunchybows,1,0,
unified_04f455c73eae,Unknown Product,Silk Thread,18.0,18.0,0,INR,scrunchybows,1,0,
unified_f5a61ca92c8b,Unknown Product,Silk Thread,18.0,18.0,0,INR,scrunchybows,1,0,
unified_1fdd26572376,Unknown Product,Silk Thread,18.0,18.0,0,INR,scrunchybows,1,0,
unified_adfd3a7d3671,Unknown Product,Silk Thread,18.0,18.0,0,INR,scrunchybows,1,0,
unified_6b9315a483c5,Unknown Product,Silk Thread,18.0,18.0,0,INR,scrunchybows,1,0,
unified_18e841cfc884,Unknown Product,Silk Thread,18.0,18.0,0,INR,scrunchybows,1,0,
unified_bcc7e3ef7e5f,Unknown Product,Silk Thread,18.0,18.0,0,INR,scrunchybows,1,0,
unified_861038492c6c,Unknown Product,Silk Thread,18.0,18.0,0,INR,scrunchybows,1,0,
unified_da0ad22a291c,Unknown Product,Silk Thread,18.0,18.0,0,INR,scrunchybows,1,0,
unified_d02d1f2ef41e,Unknown Product,Silk Thread,18.0,18.0,0,INR,scrunchybows,1,0,
unified_2598c39644de,Unknown Product,Silk Thread,18.0,18.0,0,INR,scrunchybows,1,0,
unified_78d1427b6d76,Unknown Product,Silk Thread,18.0,18.0,0,INR,scrunchybows,1,0,
unified_5a4e3f9475e3,Unknown Product,Silk Thread,18.0,18.0,0,INR,scrunchybows,1,0,
unified_e0715408d1ac,Unknown Product,Silk Thread,18.0,18.0,0,INR,scrunchybows,1,0,
unified_555344cf31e1,Unknown Product,Silk Thread,18.0,18.0,0,INR,scrunchybows,1,0,
unified_9be09d7465d3,Unknown Product,Silk Thread,18.0,18.0,0,INR,scrunchybows,1,0,
unified_c83cf2892ec1,Unknown Product,Silk Thread,18.0,18.0,0,INR,scrunchybows,1,0,
unified_666ddf080fa9,Unknown Product,Silk Thread,18.0,18.0,0,INR,scrunchybows,1,0,
unified_8fcf78946b73,Unknown Product,Silk Thread,18.0,18.0,0,INR,scrunchybows,1,0,
unified_cf5014a95144,Unknown Product,Silk Thread,18.0,18.0,0,INR,scrunchybows,1,0,
unified_4f0730d86f22,Unknown Product,Silk Thread,18.0,18.0,0,INR,scrunchybows,1,0,
unified_107dba1653b2,Unknown Product,Silk Thread,18.0,18.0,0,INR,scrunchybows,1,0,
unified_b4dd6ccabad0,Unknown Product,Silk Thread,18.0,18.0,0,INR,scrunchybows,1,0,
unified_2371f401b300,Unknown Product,Silk Thread,18.0,18.0,0,INR,scrunchybows,1,0,
unified_d8fe94af4758,Unknown Product,Silk Thread,169.0,169.0,0,INR,theunikart,1,0,
unified_4d087dca4111,Unknown Product,Silk Thread,18.0,18.0,0,INR,theunikart,1,0,
unified_0f492fa4cfca,Unknown Product,Silk Thread,169.0,169.0,0,INR,theunikart,1,0,
unified_d65b35a8cb00,Unknown Product,Silk Thread,18.0,18.0,0,INR,theunikart,1,0,
unified_b3649e3635ef,Unknown Product,Silk Thread,18.0,18.0,0,INR,theunikart,1,0,
unified_6f5724de07e0,Unknown Product,Silk Thread,18.0,18.0,0,INR,theunikart,1,0,
unified_2cb5fd5094d8,Unknown Product,Silk Thread,18.0,18.0,0,INR,theunikart,1,0,
unified_a88ab99762ac,Unknown Product,Silk Thread,18.0,18.0,0,INR,theunikart,1,0,
unified_86fb554efce5,Unknown Product,Silk Thread,18.0,18.0,0,INR,theunikart,1,0,
unified_578022ffb1cc,Unknown Product,Silk Thread,18.0,18.0,0,INR,theunikart,1,0,
unified_ecac3769782e,Unknown Product,Silk Thread,18.0,18.0,0,INR,theunikart,1,0,
unified_b54f6362129f,Unknown Product,Silk Thread,18.0,18.0,0,INR,theunikart,1,0,
unified_6eaff048531d,Unknown Product,Silk Thread,18.0,18.0,0,INR,theunikart,1,0,
unified_5da9d022a026,Unknown Product,Silk Thread,18.0,18.0,0,INR,theunikart,1,0,
unified_77703ecc29f3,Unknown Product,Silk Thread,18.0,18.0,0,INR,theunikart,1,0,
unified_e095e5ae0969,Unknown Product,Silk Thread,17.0,17.0,0,INR,theunikart,1,0,
unified_e9ef4e834263,Unknown Product,Silk Thread,17.0,17.0,0,INR,theunikart,1,0,
unified_963639b98e16,Unknown Product,Silk Thread,17.0,17.0,0,INR,theunikart,1,0,
unified_bbfaa8ec3db4,Unknown Product,Silk Thread,17.0,17.0,0,INR,theunikart,1,0,
unified_b7bace262758,Unknown Product,Silk Thread,18.0,18.0,0,INR,theunikart,1,0,
unified_1df1d55bf7b6,Unknown Product,Silk Thread,17.0,17.0,0,INR,theunikart,1,0,
unified_200c942557bc,Unknown Product,Silk Thread,17.0,17.0,0,INR,theunikart,1,0,
unified_4a09b1eec997,Unknown Product,Silk Thread,17.0,17.0,0,INR,theunikart,1,0,
unified_9e094fd33cc2,Unknown Product,Silk Thread,17.0,17.0,0,INR,theunikart,1,0,
unified_717e9e33b255,Unknown Product,Silk Thread,17.0,17.0,0,INR,theunikart,1,0,
unified_d81f6eb34bf5,Unknown Product,Silk Thread,17.0,17.0,0,INR,theunikart,1,0,
unified_8032ada5e26d,Unknown Product,Silk Thread,18.0,18.0,0,INR,theunikart,1,0,
unified_c61b48af69fb,Unknown Product,Silk Thread,17.0,17.0,0,INR,theunikart,1,0,
unified_269b8db78800,Unknown Product,Silk Thread,17.0,17.0,0,INR,theunikart,1,0,
unified_f691b7ce2b94,Unknown Product,Silk Thread,17.0,17.0,0,INR,theunikart,1,0,
unified_267bc731d722,Unknown Product,Silk Thread,17.0,17.0,0,INR,theunikart,1,0,
unified_ccf0de668b6c,Unknown Product,Silk Thread,17.0,17.0,0,INR,theunikart,1,0,
unified_8e7b8d2dfd48,Unknown Product,Silk Thread,17.0,17.0,0,INR,theunikart,1,0,
unified_16dc17520c78,Unknown Product,Silk Thread,17.0,17.0,0,INR,theunikart,1,0,
unified_815bf5e62720,Unknown Product,Silk Thread,17.0,17.0,0,INR,theunikart,1,0,
unified_027c7738d3f1,Unknown Product,Silk Thread,17.0,17.0,0,INR,theunikart,1,0,
unified_48ce50b0634c,Unknown Product,Silk Thread,17.0,17.0,0,INR,theunikart,1,0,
unified_d04adb105876,Unknown Product,Silk Thread,17.0,17.0,0,INR,theunikart,1,0,
unified_285950fd280c,Unknown Product,Silk Thread,17.0,17.0,0,INR,theunikart,1,0,
unified_bf7f6381d775,Unknown Product,Silk Thread,17.0,17.0,0,INR,theunikart,1,0,
unified_5651eae583cd,Unknown Product,Silk Thread,17.0,17.0,0,INR,theunikart,1,0,
unified_11b663e34323,Unknown Product,Silk Thread,17.0,17.0,0,INR,theunikart,1,0,
unified_688642038603,Unknown Product,Silk Thread,17.0,17.0,0,INR,theunikart,1,0,
unified_84bdbed1be34,Unknown Product,Silk Thread,17.0,17.0,0,INR,theunikart,1,0,
unified_de93d1644cc2,Unknown Product,Silk Thread,17.0,17.0,0,INR,theunikart,1,0,
unified_6f0d422009bf,Unknown Product,Silk Thread,17.0,17.0,0,INR,theunikart,1,0,
unified_401bb8c5f96a,Unknown Product,Silk Thread,17.0,17.0,0,INR,theunikart,1,0,
unified_761042d78ea1,Unknown Product,Silk Thread,17.0,17.0,0,INR,theunikart,1,0,
unified_eb23700b5c93,Unknown Product,Silk Thread,17.0,17.0,0,INR,theunikart,1,0,
unified_df77ab74aab8,Unknown Product,Silk Thread,17.0,17.0,0,INR,theunikart,1,0,
unified_ba03f6fd0cab,Unknown Product,Silk Thread,17.0,17.0,0,INR,theunikart,1,0,
unified_a5054f5c80bf,Unknown Product,Silk Thread,17.0,17.0,0,INR,theunikart,1,0,
unified_2b2eead86dc4,Unknown Product,Silk Thread,17.0,17.0,0,INR,theunikart,1,0,
unified_98ee8b42034c,Unknown Product,Silk Thread,17.0,17.0,0,INR,theunikart,1,0,
unified_45fd0fa269d2,Unknown Product,Silk Thread,17.0,17.0,0,INR,theunikart,1,0,
unified_36f32c0f3fb2,Unknown Product,Silk Thread,18.0,18.0,0,INR,theunikart,1,0,
unified_b1ad27470fd4,Unknown Product,Silk Thread,17.0,17.0,0,INR,theunikart,1,0,
unified_fab2eac237a0,Unknown Product,Silk Thread,17.0,17.0,0,INR,theunikart,1,0,
unified_d5559961b977,Unknown Product,Silk Thread,17.0,17.0,0,INR,theunikart,1,0,
unified_9537c95ed40f,Unknown Product,Silk Thread,17.0,17.0,0,INR,theunikart,1,0,
unified_dd642b4ee064,Unknown Product,Silk Thread,17.0,17.0,0,INR,theunikart,1,0,
unified_a81b29bf53b5,Unknown Product,Silk Thread,169.0,169.0,0,INR,theunikart,1,0,
unified_299597df0d0b,Unknown Product,Silk Thread,17.0,17.0,0,INR,theunikart,1,0,
unified_613ad5417da5,Unknown Product,Silk Thread,17.0,17.0,0,INR,theunikart,1,0,
unified_b93dc1703edc,Unknown Product,Silk Thread,17.0,17.0,0,INR,theunikart,1,0,
unified_1a79ec560d6e,Unknown Product,Silk Thread,17.0,17.0,0,INR,theunikart,1,0,
unified_6bf8b507dcdb,Unknown Product,Silk Thread,17.0,17.0,0,INR,theunikart,1,0,
unified_d43d1ee63bce,Unknown Product,Silk Thread,17.0,17.0,0,INR,theunikart,1,0,
unified_01d9e14b396e,Unknown Product,Silk Thread,17.0,17.0,0,INR,theunikart,1,0,
unified_50659f730496,Unknown Product,Silk Thread,17.0,17.0,0,INR,theunikart,1,0,
unified_9a2ab21ebec6,Unknown Product,Silk Thread,18.0,18.0,0,INR,theunikart,1,0,
unified_083f45c868b7,Unknown Product,Silk Thread,17.0,17.0,0,INR,theunikart,1,0,
unified_fe63650c26b3,Unknown Product,Silk Thread,17.0,17.0,0,INR,theunikart,1,0,
unified_f3c047be5d7e,Unknown Product,Silk Thread,17.0,17.0,0,INR,theunikart,1,0,
unified_ee5df270689d,Unknown Product,Silk Thread,17.0,17.0,0,INR,theunikart,1,0,
unified_bf9a33ca7655,Unknown Product,Silk Thread,17.0,17.0,0,INR,theunikart,1,0,
unified_035d45b2c298,Unknown Product,Silk Thread,17.0,17.0,0,INR,theunikart,1,0,
unified_e908a7a8fc25,Unknown Product,Silk Thread,17.0,17.0,0,INR,theunikart,1,0,
unified_377bd6b0f718,Unknown Product,Silk Thread,17.0,17.0,0,INR,theunikart,1,0,
unified_1b30aa0b9b6d,Unknown Product,Silk Thread,17.0,17.0,0,INR,theunikart,1,0,
unified_67c940da8fca,Unknown Product,Silk Thread,17.0,17.0,0,INR,theunikart,1,0,
unified_93e27d786832,Unknown Product,Silk Thread,17.0,17.0,0,INR,theunikart,1,0,
unified_894fe6bea53c,Unknown Product,Silk Thread,17.0,17.0,0,INR,theunikart,1,0,
unified_3af2cb0fd3bc,Unknown Product,Silk Thread,17.0,17.0,0,INR,theunikart,1,0,
unified_221eb742fa3f,Unknown Product,Silk Thread,17.0,17.0,0,INR,theunikart,1,0,
unified_64ebe25ccbaf,Unknown Product,Silk Thread,17.0,17.0,0,INR,theunikart,1,0,
unified_e592d3845b55,Unknown Product,Silk Thread,17.0,17.0,0,INR,theunikart,1,0,
unified_0564d20f244d,Unknown Product,Silk Thread,17.0,17.0,0,INR,theunikart,1,0,
unified_6c07a055e543,Unknown Product,Silk Thread,17.0,17.0,0,INR,theunikart,1,0,
unified_2363a10e093a,Unknown Product,Silk Thread,17.0,17.0,0,INR,theunikart,1,0,
unified_fd726b48d95b,Unknown Product,Silk Thread,17.0,17.0,0,INR,theunikart,1,0,
unified_18cf3e529c0e,Unknown Product,Silk Thread,17.0,17.0,0,INR,theunikart,1,0,
unified_9b82851e45fd,Unknown Product,Silk Thread,17.0,17.0,0,INR,theunikart,1,0,
unified_f08ab4ac37fd,Unknown Product,Silk Thread,17.0,17.0,0,INR,theunikart,1,0,
unified_a41fbda1bd06,Unknown Product,Silk Thread,17.0,17.0,0,INR,theunikart,1,0,
unified_b366063dbb01,Unknown Product,Silk Thread,17.0,17.0,0,INR,theunikart,1,0,
unified_19decb988b31,Unknown Product,Silk Thread,17.0,17.0,0,INR,theunikart,1,0,
unified_cdd9244fedae,Unknown Product,Silk Thread,17.0,17.0,0,INR,theunikart,1,0,
unified_b1e759cb6abd,Unknown Product,Silk Thread,17.0,17.0,0,INR,theunikart,1,0,
unified_2a1c5057c330,Unknown Product,Silk Thread,17.0,17.0,0,INR,theunikart,1,0,
unified_032bc2893cae,Unknown Product,Silk Thread,17.0,17.0,0,INR,theunikart,1,0,
unified_b3d5a3ecd63c,Unknown Product,Silk Thread,17.0,17.0,0,INR,theunikart,1,0,
unified_e114cb195323,Unknown Product,Silk Thread,17.0,17.0,0,INR,theunikart,1,0,
unified_02cb8d77fdac,Unknown Product,Silk Thread,17.0,17.0,0,INR,theunikart,1,0,
unified_59d2c92779e4,Unknown Product,Silk Thread,17.0,17.0,0,INR,theunikart,1,0,
unified_aec1b4ae59f5,Unknown Product,Silk Thread,17.0,17.0,0,INR,theunikart,1,0,
unified_5ecac2167948,Unknown Product,Silk Thread,17.0,17.0,0,INR,theunikart,1,0,
unified_24751d63d658,Unknown Product,Silk Thread,17.0,17.0,0,INR,theunikart,1,0,
unified_4c5b93925d2c,Unknown Product,Silk Thread,17.0,17.0,0,INR,theunikart,1,0,
unified_861b4bd8fc4f,Unknown Product,Silk Thread,17.0,17.0,0,INR,theunikart,1,0,
unified_2fc6bd6b6c8d,Unknown Product,Silk Thread,17.0,17.0,0,INR,theunikart,1,0,
unified_0b3c14545661,Unknown Product,Silk Thread,17.0,17.0,0,INR,theunikart,1,0,
unified_ab3aec4e5fb8,Unknown Product,Silk Thread,17.0,17.0,0,INR,theunikart,1,0,
unified_7531f6b9c9fb,Unknown Product,Silk Thread,17.0,17.0,0,INR,theunikart,1,0,
unified_45d68eadc7d4,Unknown Product,Silk Thread,17.0,17.0,0,INR,theunikart,1,0,
unified_009abd648a05,Unknown Product,Silk Thread,17.0,17.0,0,INR,theunikart,1,0,
unified_10f8989aecf8,Unknown Product,Silk Thread,17.0,17.0,0,INR,theunikart,1,0,
unified_e5403730ada7,Unknown Product,Silk Thread,17.0,17.0,0,INR,theunikart,1,0,
unified_d45b17fd25c9,Unknown Product,Silk Thread,17.0,17.0,0,INR,theunikart,1,0,
unified_7ea05048ee1e,Unknown Product,Silk Thread,17.0,17.0,0,INR,theunikart,1,0,
unified_ee5dcb52cc96,Unknown Product,Silk Thread,17.0,17.0,0,INR,theunikart,1,0,
unified_eca22a846842,Unknown Product,Silk Thread,17.0,17.0,0,INR,theunikart,1,0,
unified_30ca2e36492f,Unknown Product,Silk Thread,17.0,17.0,0,INR,theunikart,1,0,
unified_34e815063e49,Unknown Product,Silk Thread,17.0,17.0,0,INR,theunikart,1,0,
unified_c4b461357dc0,Unknown Product,Silk Thread,17.0,17.0,0,INR,theunikart,1,0,
unified_a27ea6163024,Unknown Product,Silk Thread,17.0,17.0,0,INR,theunikart,1,0,
unified_da4c905dac87,Unknown Product,Silk Thread,17.0,17.0,0,INR,theunikart,1,0,
unified_ccdd62b8d4a3,Unknown Product,Silk Thread,17.0,17.0,0,INR,theunikart,1,0,
unified_262d30684d53,Unknown Product,Silk Thread,17.0,17.0,0,INR,theunikart,1,0,
unified_3d62fb31e0cd,Unknown Product,Silk Thread,17.0,17.0,0,INR,theunikart,1,0,
unified_f436495d80c6,Unknown Product,Silk Thread,17.0,17.0,0,INR,theunikart,1,0,
unified_bea402bb6d00,Unknown Product,Silk Thread,17.0,17.0,0,INR,theunikart,1,0,
unified_8eaaacbe005d,Unknown Product,Silk Thread,17.0,17.0,0,INR,theunikart,1,0,
unified_d7601fb72f1e,Unknown Product,Silk Thread,17.0,17.0,0,INR,theunikart,1,0,
unified_a98136ac09d4,Unknown Product,Charms,10.0,10.0,0,INR,scrunchybows,1,0,
unified_a2259fd77a0a,Unknown Product,Charms,30.0,30.0,0,INR,scrunchybows,1,0,
unified_eaac0234515e,Unknown Product,Charms,10.0,10.0,0,INR,scrunchybows,1,0,
unified_ca41f7e0258a,Unknown Product,Charms,5.0,5.0,0,INR,scrunchybows,1,0,
unified_6aa17b547be3,Unknown Product,Charms,15.0,15.0,0,INR,scrunchybows,1,0,
unified_74bd6ae344b1,Unknown Product,Charms,10.0,10.0,0,INR,scrunchybows,1,0,
unified_a878f5b8e850,Unknown Product,Charms,20.0,20.0,0,INR,scrunchybows,1,0,
unified_83b39e73bbb7,Unknown Product,Charms,12.0,12.0,0,INR,scrunchybows,1,0,
unified_99a57b981e4a,Unknown Product,Charms,10.0,10.0,0,INR,scrunchybows,1,0,
unified_ed19728b6db6,Unknown Product,Charms,30.0,30.0,0,INR,theunikart,1,0,
unified_6ced2adc4cba,Unknown Product,Charms,60.0,60.0,0,INR,theunikart,1,0,
unified_1c5a3a8439df,Unknown Product,Charms,35.0,35.0,0,INR,theunikart,1,0,
unified_b41fc3e5e680,Unknown Product,Charms,35.0,35.0,0,INR,theunikart,1,0,
unified_ce0f6d537965,Unknown Product,Charms,40.0,40.0,0,INR,theunikart,1,0,
unified_5880920b4ed5,Unknown Product,Charms,20.0,20.0,0,INR,theunikart,1,0,
unified_32bbb158484e,Unknown Product,Charms,40.0,40.0,0,INR,theunikart,1,0,
unified_eef456a40139,Unknown Product,Charms,25.0,25.0,0,INR,theunikart,1,0,
unified_51bdadb48188,Unknown Product,Charms,45.0,45.0,0,INR,theunikart,1,0,
unified_9e31788a3c19,Unknown Product,Charms,40.0,40.0,0,INR,theunikart,1,0,
unified_fba0abd4af92,Unknown Product,Charms,20.0,20.0,0,INR,theunikart,1,0,
unified_5caecc7a20e0,Unknown Product,Charms,35.0,35.0,0,INR,theunikart,1,0,
unified_173f403aca69,Unknown Product,Charms,40.0,40.0,0,INR,theunikart,1,0,
unified_a3c4212b96bf,Unknown Product,Charms,35.0,35.0,0,INR,theunikart,1,0,
unified_6bce8f6a777c,Unknown Product,Charms,30.0,30.0,0,INR,theunikart,1,0,
unified_5b714755434f,Unknown Product,Charms,40.0,40.0,0,INR,theunikart,1,0,
unified_d98be9a31ead,Unknown Product,Charms,40.0,40.0,0,INR,theunikart,1,0,
unified_f502015cd520,Unknown Product,Charms,50.0,50.0,0,INR,theunikart,1,0,
unified_1721b8607843,Unknown Product,Charms,45.0,45.0,0,INR,theunikart,1,0,
unified_1356bc682d60,Unknown Product,Charms,50.0,50.0,0,INR,theunikart,1,0,
unified_cadc10c3077c,Unknown Product,Charms,50.0,50.0,0,INR,theunikart,1,0,
unified_eb0114a89206,Unknown Product,Charms,50.0,50.0,0,INR,theunikart,1,0,
unified_e175f5f00d8e,Unknown Product,Charms,50.0,50.0,0,INR,theunikart,1,0,
unified_953e8dd4b3f8,Unknown Product,Charms,30.0,30.0,0,INR,theunikart,1,0,
unified_e082e3f56c09,Unknown Product,Charms,50.0,50.0,0,INR,theunikart,1,0,
unified_7bb500bb98e9,Unknown Product,Charms,50.0,50.0,0,INR,theunikart,1,0,
unified_f44e8af4a920,Unknown Product,Charms,70.0,70.0,0,INR,theunikart,1,0,
unified_c9845aa0ba3a,Unknown Product,Charms,70.0,70.0,0,INR,theunikart,1,0,
unified_b88e5dd561b0,Unknown Product,Charms,45.0,45.0,0,INR,theunikart,1,0,
unified_4589ec22bafe,Unknown Product,Charms,45.0,45.0,0,INR,theunikart,1,0,
unified_d809f65ace86,Unknown Product,Charms,30.0,30.0,0,INR,theunikart,1,0,
unified_d508c3c237dc,Unknown Product,Charms,40.0,40.0,0,INR,theunikart,1,0,
unified_7ccb7bb31fae,Unknown Product,Charms,40.0,40.0,0,INR,theunikart,1,0,
unified_01f4331d3738,Unknown Product,Charms,30.0,30.0,0,INR,theunikart,1,0,
unified_09b67a18c790,Unknown Product,Charms,70.0,70.0,0,INR,theunikart,1,0,
unified_7023676754c2,Unknown Product,Charms,40.0,40.0,0,INR,theunikart,1,0,
unified_6386d88f3ff7,Unknown Product,Charms,45.0,45.0,0,INR,theunikart,1,0,
unified_36203165f048,Unknown Product,Charms,45.0,45.0,0,INR,theunikart,1,0,
unified_2b1026aa93bb,Unknown Product,Charms,70.0,70.0,0,INR,theunikart,1,0,
unified_0cbbbd03a823,Unknown Product,Charms,35.0,35.0,0,INR,theunikart,1,0,
unified_a93b985dae03,Unknown Product,Charms,35.0,35.0,0,INR,theunikart,1,0,
unified_cb393ab5b6a1,Unknown Product,Charms,40.0,40.0,0,INR,theunikart,1,0,
unified_4774dbb4ebe9,Unknown Product,Charms,35.0,35.0,0,INR,theunikart,1,0,
unified_8069238d58ef,Unknown Product,Charms,30.0,30.0,0,INR,theunikart,1,0,
unified_b6fbf350377e,Unknown Product,Charms,40.0,40.0,0,INR,theunikart,1,0,
unified_0c38d6ab928b,Unknown Product,AD Stone Charms,50.0,50.0,0,INR,scrunchybows,1,0,
unified_1c5d06667d5b,Unknown Product,AD Stone Charms,50.0,50.0,0,INR,scrunchybows,1,0,
unified_c04c929573d9,Unknown Product,AD Stone Charms,75.0,75.0,0,INR,scrunchybows,1,0,
unified_0d86de53aba6,Unknown Product,AD Stone Charms,55.0,55.0,0,INR,scrunchybows,1,0,
unified_b1af06324d71,Unknown Product,AD Stone Charms,50.0,50.0,0,INR,scrunchybows,1,0,
unified_e9f0c5b1ff10,Unknown Product,Seed Beads,15.0,15.0,0,INR,scrunchybows,1,0,
unified_9062e4b1d47d,Unknown Product,Seed Beads,20.0,20.0,0,INR,scrunchybows,1,0,
unified_a0026c125e0c,Unknown Product,Glass Kundhans,15.0,15.0,0,INR,scrunchybows,1,0,
unified_88641f76a314,Unknown Product,Glass Kundhans,15.0,15.0,0,INR,scrunchybows,1,0,
unified_c8a26f08ce1b,Unknown Product,Glass Kundhans,15.0,15.0,0,INR,scrunchybows,1,0,
unified_e5832e192c39,Unknown Product,Glass Kundhans,15.0,15.0,0,INR,scrunchybows,1,0,
unified_4afd97c40cdc,Unknown Product,Glass Kundhans,25.0,25.0,0,INR,scrunchybows,1,0,
unified_4cdcd2bf8b25,Unknown Product,Glass Kundhans,15.0,15.0,0,INR,scrunchybows,1,0,
unified_2607655b10d7,Unknown Product,Glass Kundhans,15.0,15.0,0,INR,scrunchybows,1,0,
unified_fc67781092c4,Unknown Product,Glass Kundhans,15.0,15.0,0,INR,scrunchybows,1,0,
unified_531bda89713e,Unknown Product,Glass Kundhans,20.0,20.0,0,INR,scrunchybows,1,0,
unified_2c359414137b,Unknown Product,Glass Kundhans,25.0,25.0,0,INR,scrunchybows,1,0,
unified_e2f6d89bb9d7,Unknown Product,Glass Kundhans,20.0,20.0,0,INR,scrunchybows,1,0,
unified_400548eedfc5,Unknown Product,Glass Kundhans,15.0,15.0,0,INR,scrunchybows,1,0,
unified_4aa3f75c152a,Unknown Product,Glass Kundhans,15.0,15.0,0,INR,scrunchybows,1,0,
unified_73f8978bd225,Unknown Product,Glass Kundhans,20.0,20.0,0,INR,scrunchybows,1,0,
unified_713d4ee60518,Unknown Product,Glass Kundhans,20.0,20.0,0,INR,scrunchybows,1,0,
unified_283a9edd540a,Unknown Product,Glass Kundhans,15.0,15.0,0,INR,scrunchybows,1,0,
unified_8e8e9e892f18,Unknown Product,Glass Kundhans,15.0,15.0,0,INR,scrunchybows,1,0,
unified_3a07f19428ac,Unknown Product,Ceramic Pearl,15.0,15.0,0,INR,scrunchybows,1,0,
unified_bcf9c8cb0c5f,Unknown Product,Ceramic Pearl,15.0,15.0,0,INR,scrunchybows,1,0,
unified_501c69c1058f,Unknown Product,Ceramic Pearl,15.0,15.0,0,INR,scrunchybows,1,0,
unified_ebf75fb28410,Unknown Product,Ceramic Pearl,15.0,15.0,0,INR,scrunchybows,1,0,
unified_703bea10b7b6,Unknown Product,Ceramic Pearl,15.0,15.0,0,INR,scrunchybows,1,0,
unified_fe41fcfad70b,Unknown Product,Ceramic Pearl,15.0,15.0,0,INR,scrunchybows,1,0,
unified_2299b77430c2,Unknown Product,Ceramic Pearl,15.0,15.0,0,INR,scrunchybows,1,0,
unified_60a5e48779a9,Unknown Product,Ceramic Pearl,15.0,15.0,0,INR,scrunchybows,1,0,
unified_bea5cc7a0bd9,Unknown Product,Ceramic Pearl,15.0,15.0,0,INR,scrunchybows,1,0,
unified_58cc4738d3b2,Unknown Product,Clip Stones,30.0,30.0,0,INR,scrunchybows,1,0,5 Grams - 70 to 75 Pieces Approx10 Grams - 140 to 150 Pieces Approx20 Grams - 280 to 300 Pieces Appr
unified_e5b4473607e3,Unknown Product,Clip Stones,30.0,30.0,0,INR,scrunchybows,1,0,
unified_ce5afb46fb5f,Unknown Product,Clip Stones,30.0,30.0,0,INR,scrunchybows,1,0,5 Grams - 70 to 75 Pieces Approx
unified_f1f0ec3a6e4c,Unknown Product,Clip Stones,30.0,30.0,0,INR,scrunchybows,1,0,5 Grams - 70 to 75 Pieces Approx
unified_e36dda61b259,Unknown Product,Clip Stones,30.0,30.0,0,INR,scrunchybows,1,0,5 Grams - 70 to 75 Pieces Approx
unified_0df0317d133a,Unknown Product,Clip Stones,30.0,30.0,0,INR,scrunchybows,1,0,5 Grams - 70 to 75 Pieces Approx
unified_e0df0803ebd6,Unknown Product,Clip Stones,30.0,30.0,0,INR,scrunchybows,1,0,5 Grams - 70 to 75 Pieces Approx
unified_46999e637086,Unknown Product,Clip Stones,30.0,30.0,0,INR,scrunchybows,1,0,5 Grams - 70 to 75 Pieces Approx
unified_9239cca209fb,Unknown Product,Clip Stones,30.0,30.0,0,INR,scrunchybows,1,0,5 Grams - 70 to 75 Pieces Approx
unified_54899d038449,Unknown Product,Clip Stones,30.0,30.0,0,INR,scrunchybows,1,0,5 Grams - 70 to 75 Pieces Approx
unified_e5e98b5664a0,Unknown Product,Clip Stones,30.0,30.0,0,INR,scrunchybows,1,0,5 Grams - 70 to 75 Pieces Approx
unified_702a46b6e9d2,Unknown Product,Clip Stones,30.0,30.0,0,INR,scrunchybows,1,0,5 Grams - 70 to 75 Pieces Approx
unified_e573381c5349,Unknown Product,Clip Stones,30.0,30.0,0,INR,scrunchybows,1,0,5 Grams - 70 to 75 Pieces Approx
unified_d50953e24b57,Unknown Product,Clip Stones,30.0,30.0,0,INR,scrunchybows,1,0,5 Grams - 70 to 75 Pieces Approx
unified_25d7e91ada3c,Unknown Product,Clip Stones,30.0,30.0,0,INR,scrunchybows,1,0,5 Grams - 70 to 75 Pieces Approx
unified_197b20a7b361,Unknown Product,Clip Stones,30.0,30.0,0,INR,scrunchybows,1,0,5 Grams - 70 to 75 Pieces Approx
unified_6f2366e5c85c,Unknown Product,Clip Stones,30.0,30.0,0,INR,scrunchybows,1,0,5 Grams - 70 to 75 Pieces Approx
unified_90a442034afc,Unknown Product,Clip Stones,30.0,30.0,0,INR,scrunchybows,1,0,5 Grams - 70 to 75 Pieces Approx
unified_30f9d5ef7294,Unknown Product,Clip Stones,30.0,30.0,0,INR,scrunchybows,1,0,5 Grams - 70 to 75 Pieces Approx10 Grams - 140 to 150 Pieces Approx20 Grams - 280 to 300 Pieces Appr
unified_441730bfcd43,Unknown Product,Clip Stones,30.0,30.0,0,INR,scrunchybows,1,0,5 Grams - 70 to 75 Pieces Approx
unified_1c3900be805d,Unknown Product,Clip Stones,30.0,30.0,0,INR,scrunchybows,1,0,5 Grams - 70 to 75 Pieces Approx
unified_e2dcc9b24ea7,Unknown Product,Clip Stones,30.0,30.0,0,INR,scrunchybows,1,0,
unified_2ced92c20027,Unknown Product,Hair Accessories,25.0,25.0,0,INR,scrunchybows,1,0,
unified_57a13f891740,Unknown Product,Hair Accessories,10.0,10.0,0,INR,scrunchybows,1,0,
unified_148521b3ee0f,Unknown Product,Hair Accessories,15.0,15.0,0,INR,scrunchybows,1,0,
unified_f86fb4b7ae7b,Unknown Product,Hair Accessories,8.0,8.0,0,INR,scrunchybows,1,0,
unified_cf5fab9301c4,Unknown Product,Hair Accessories,20.0,20.0,0,INR,scrunchybows,1,0,
unified_59dc9bebd6e3,Unknown Product,Hair Accessories,14.0,14.0,0,INR,scrunchybows,1,0,
unified_779c0eb7d296,Unknown Product,Hair Accessories,13.0,13.0,0,INR,scrunchybows,1,0,
unified_7661861e69a2,Unknown Product,Hair Accessories,16.0,16.0,0,INR,scrunchybows,1,0,
unified_0808d4c627f5,Unknown Product,Hair Accessories,40.0,40.0,0,INR,scrunchybows,1,0,
unified_17ec89165e76,Unknown Product,Hair Accessories,10.0,10.0,0,INR,scrunchybows,1,0,
unified_db5149205033,Unknown Product,Hair Accessories,45.0,45.0,0,INR,scrunchybows,1,0,
unified_8f8284433c55,Unknown Product,Hair Accessories,14.0,14.0,0,INR,scrunchybows,1,0,
unified_c986493602d7,Unknown Product,Hair Accessories,45.0,45.0,0,INR,scrunchybows,1,0,
unified_112eecb17714,Unknown Product,Hair Accessories,12.0,12.0,0,INR,scrunchybows,1,0,
unified_635ffac74a22,Unknown Product,Hair Accessories,35.0,35.0,0,INR,scrunchybows,1,0,
unified_6d169418024b,Unknown Product,Saree Pins,15.0,15.0,0,INR,scrunchybows,1,0,
unified_775e88015626,Unknown Product,Saree Pins,42.0,42.0,0,INR,scrunchybows,1,0,
unified_73f927da986b,Unknown Product,Saree Pins,60.0,60.0,0,INR,theunikart,1,0,
unified_82452265efee,Unknown Product,Saree Pins,60.0,60.0,0,INR,theunikart,1,0,
unified_58d7906f0ef2,Unknown Product,Saree Pins,60.0,60.0,0,INR,theunikart,1,0,
unified_1ca81c16d288,Unknown Product,Saree Pins,20.0,20.0,0,INR,theunikart,1,0,
unified_3136eb662d74,Unknown Product,Saree Pins,30.0,30.0,0,INR,theunikart,1,0,
unified_c36834fe3425,Unknown Product,Saree Pins,100.0,100.0,0,INR,theunikart,1,0,
unified_a86858efd23d,Unknown Product,Zardosi,30.0,30.0,0,INR,scrunchybows,1,0,
unified_00cd49c8fbf3,Unknown Product,Zardosi,30.0,30.0,0,INR,scrunchybows,1,0,
unified_5149c0f6d291,Unknown Product,Tube Beads,13.0,13.0,0,INR,scrunchybows,1,0,
unified_bc515cc1dca2,Unknown Product,Jasmine Buds,10.0,10.0,0,INR,scrunchybows,1,0,
unified_a01d70f1398e,Unknown Product,MDF,10.0,10.0,0,INR,scrunchybows,1,0,
unified_92e2a7d5d13f,Unknown Product,MDF,20.0,20.0,0,INR,scrunchybows,1,0,
unified_ea3f033e29f0,Unknown Product,MDF,18.0,18.0,0,INR,scrunchybows,1,0,
unified_2da201033352,Unknown Product,MDF,18.0,18.0,0,INR,scrunchybows,1,0,
unified_7cc8d332a51c,Unknown Product,Sequins,15.0,15.0,0,INR,scrunchybows,1,0,Order processing time 1 or 2 working days from date of order.Delivery Time from date of dispatch:And
unified_004e87544d65,Unknown Product,Sequins,15.0,15.0,0,INR,scrunchybows,1,0,Order processing time 1 or 2 working days from date of order.Delivery Time from date of dispatch:And
unified_20952bb2cf0a,Unknown Product,Sequins,15.0,15.0,0,INR,scrunchybows,1,0,Order processing time 1 or 2 working days from date of order.Delivery Time from date of dispatch:And
unified_8b8b590116bf,Unknown Product,Sequins,15.0,15.0,0,INR,scrunchybows,1,0,
unified_ace035c34895,Unknown Product,Sequins,15.0,15.0,0,INR,scrunchybows,1,0,Order processing time 1 or 2 working days from date of order.Delivery Time from date of dispatch:And
unified_b0272a0e2478,Unknown Product,Sequins,15.0,15.0,0,INR,scrunchybows,1,0,Order processing time 1 or 2 working days from date of order.Delivery Time from date of dispatch:And
unified_ac60690db119,Unknown Product,Sequins,15.0,15.0,0,INR,scrunchybows,1,0,
unified_8e95a7588714,Unknown Product,Sequins,15.0,15.0,0,INR,scrunchybows,1,0,Order processing time 1 or 2 working days from date of order.Delivery Time from date of dispatch:And
unified_c8bab437dad9,Unknown Product,Sequins,15.0,15.0,0,INR,scrunchybows,1,0,Order processing time 1 or 2 working days from date of order.Delivery Time from date of dispatch:And
unified_812762505226,Unknown Product,Sequins,15.0,15.0,0,INR,scrunchybows,1,0,Order processing time 1 or 2 working days from date of order.Delivery Time from date of dispatch:And
unified_f1350e5c58b1,Unknown Product,Sequins,15.0,15.0,0,INR,scrunchybows,1,0,Order processing time 1 or 2 working days from date of order.Delivery Time from date of dispatch:And
unified_6e55b8b6e476,Unknown Product,Sequins,15.0,15.0,0,INR,scrunchybows,1,0,Order processing time 1 or 2 working days from date of order.Delivery Time from date of dispatch:And
unified_3a06d19fe4cc,Unknown Product,Sequins,20.0,20.0,0,INR,theunikart,1,0,
unified_be47fea2b7d9,Unknown Product,Sequins,25.0,25.0,0,INR,theunikart,1,0,
unified_63cbdc49ff77,Unknown Product,Sequins,25.0,25.0,0,INR,theunikart,1,0,
unified_4637d57b9926,Unknown Product,Sequins,25.0,25.0,0,INR,theunikart,1,0,
unified_a9a65d2213aa,Unknown Product,Multicolour Kundan Beads,20.0,20.0,0,INR,theunikart,1,0,
unified_a123f842b3fa,Unknown Product,Multicolour Kundan Beads,20.0,20.0,0,INR,theunikart,1,0,
unified_6e94e36d2917,Unknown Product,Multicolour Kundan Beads,20.0,20.0,0,INR,theunikart,1,0,
unified_8906aad4b290,Unknown Product,Multicolour Kundan Beads,20.0,20.0,0,INR,theunikart,1,0,
unified_2c81a6a7d9e9,Unknown Product,Multicolour Kundan Beads,20.0,20.0,0,INR,theunikart,1,0,
unified_2fa05ff076ed,Unknown Product,Multicolour Kundan Beads,20.0,20.0,0,INR,theunikart,1,0,
unified_eecb5a13c3f4,Unknown Product,Multicolour Kundan Beads,20.0,20.0,0,INR,theunikart,1,0,
unified_9c3dafcb3300,Unknown Product,Multicolour Kundan Beads,20.0,20.0,0,INR,theunikart,1,0,
unified_5c5ae82d472a,Unknown Product,Multicolour Kundan Beads,20.0,20.0,0,INR,theunikart,1,0,
unified_9b836d27a554,Unknown Product,Multicolour Kundan Beads,20.0,20.0,0,INR,theunikart,1,0,
unified_5f7a6bf537df,Unknown Product,Multicolour Kundan Beads,20.0,20.0,0,INR,theunikart,1,0,
unified_527bcba99723,Unknown Product,Multicolour Kundan Beads,20.0,20.0,0,INR,theunikart,1,0,
unified_7d26e68a0e4a,Unknown Product,Multicolour Kundan Beads,20.0,20.0,0,INR,theunikart,1,0,
unified_4f533c15afa4,Unknown Product,Multicolour Kundan Beads,20.0,20.0,0,INR,theunikart,1,0,
unified_d05c67bd5aac,Unknown Product,Multicolour Kundan Beads,20.0,20.0,0,INR,theunikart,1,0,
unified_6e1e2a47e1fe,Unknown Product,Multicolour Kundan Beads,20.0,20.0,0,INR,theunikart,1,0,
unified_1d40b8c3bfcd,Unknown Product,Multicolour Kundan Beads,20.0,20.0,0,INR,theunikart,1,0,
unified_3ca7eafabde2,Unknown Product,Multicolour Kundan Beads,20.0,20.0,0,INR,theunikart,1,0,
unified_4234f3921136,Unknown Product,Multicolour Kundan Beads,20.0,20.0,0,INR,theunikart,1,0,
unified_dd48cdda8a14,Unknown Product,Multicolour Kundan Beads,20.0,20.0,0,INR,theunikart,1,0,
unified_9dcdf4af3953,Unknown Product,Multicolour Kundan Beads,20.0,20.0,0,INR,theunikart,1,0,
unified_9f2722101494,Unknown Product,Multicolour Kundan Beads,20.0,20.0,0,INR,theunikart,1,0,
unified_73a08e73c8ff,Unknown Product,Multicolour Kundan Beads,20.0,20.0,0,INR,theunikart,1,0,
unified_9693ef9809c9,Unknown Product,Multicolour Kundan Beads,20.0,20.0,0,INR,theunikart,1,0,
unified_8317d11e4c19,Unknown Product,Multicolour Kundan Beads,20.0,20.0,0,INR,theunikart,1,0,
unified_5b02fe3e3898,Unknown Product,Silver Kundan Beads,15.0,15.0,0,INR,theunikart,1,0,
unified_3d260263c42d,Unknown Product,Silver Kundan Beads,13.0,13.0,0,INR,theunikart,1,0,
unified_3d89cb521bc7,Unknown Product,Silver Kundan Beads,12.0,12.0,0,INR,theunikart,1,0,
unified_0e2b47103575,Unknown Product,Silver Kundan Beads,12.0,12.0,0,INR,theunikart,1,0,
unified_50b4bb57078e,Unknown Product,Silver Kundan Beads,15.0,15.0,0,INR,theunikart,1,0,
unified_eb8c3b30c19a,Unknown Product,Silver Kundan Beads,12.0,12.0,0,INR,theunikart,1,0,
unified_ef3b414ab754,Unknown Product,Silver Kundan Beads,15.0,15.0,0,INR,theunikart,1,0,
unified_05652ef64ac4,Unknown Product,Silver Kundan Beads,20.0,20.0,0,INR,theunikart,1,0,
unified_ae6069c3d522,Unknown Product,Silver Kundan Beads,12.0,12.0,0,INR,theunikart,1,0,
unified_63ade2c298ff,Unknown Product,Silver Kundan Beads,20.0,20.0,0,INR,theunikart,1,0,
unified_7dd664b4a661,Unknown Product,Silver Kundan Beads,15.0,15.0,0,INR,theunikart,1,0,
unified_4a898e2dbac7,Unknown Product,Silver Kundan Beads,15.0,15.0,0,INR,theunikart,1,0,
unified_9522320026a2,Unknown Product,Silver Kundan Beads,12.0,12.0,0,INR,theunikart,1,0,
unified_5c4a300e8f53,Unknown Product,Silver Kundan Beads,15.0,15.0,0,INR,theunikart,1,0,
unified_0eec20a76483,Unknown Product,Silver Kundan Beads,12.0,12.0,0,INR,theunikart,1,0,
unified_b8f8c6bc0721,Unknown Product,Silver Kundan Beads,12.0,12.0,0,INR,theunikart,1,0,
unified_de66d7f12123,Unknown Product,Silver Kundan Beads,12.0,12.0,0,INR,theunikart,1,0,
unified_66557b00c46f,Unknown Product,Silver Kundan Beads,20.0,20.0,0,INR,theunikart,1,0,
unified_13f9928a4ef7,Unknown Product,Silver Kundan Beads,20.0,20.0,0,INR,theunikart,1,0,
unified_439629ad6dc4,Unknown Product,Silver Kundan Beads,20.0,20.0,0,INR,theunikart,1,0,
unified_d9592e725bee,Unknown Product,Silver Kundan Beads,20.0,20.0,0,INR,theunikart,1,0,
unified_a0aff0a46232,Unknown Product,Silver Kundan Beads,15.0,15.0,0,INR,theunikart,1,0,
unified_66da93012a9a,Unknown Product,Silver Kundan Beads,15.0,15.0,0,INR,theunikart,1,0,
unified_4173323ff164,Unknown Product,Silver Kundan Beads,15.0,15.0,0,INR,theunikart,1,0,
unified_ba216b1833aa,Unknown Product,Silver Kundan Beads,95.0,95.0,0,INR,theunikart,1,0,
unified_27f5e770c0b8,Unknown Product,Silver Kundan Beads,20.0,20.0,0,INR,theunikart,1,0,
unified_b8f6921e0665,Unknown Product,Silver Kundan Beads,20.0,20.0,0,INR,theunikart,1,0,
unified_094b3939d4d8,Unknown Product,Silver Kundan Beads,15.0,15.0,0,INR,theunikart,1,0,
unified_5257672dcd0d,Unknown Product,Golden Kundan Beads,15.0,15.0,0,INR,theunikart,1,0,
unified_46605bdfdabc,Unknown Product,Golden Kundan Beads,12.0,12.0,0,INR,theunikart,1,0,
unified_d448d11aaaf5,Unknown Product,Golden Kundan Beads,25.0,25.0,0,INR,theunikart,1,0,
unified_47ae1bdaa94b,Unknown Product,Golden Kundan Beads,15.0,15.0,0,INR,theunikart,1,0,
unified_d5275a146469,Unknown Product,Golden Kundan Beads,12.0,12.0,0,INR,theunikart,1,0,
unified_362cbcb4b018,Unknown Product,Golden Kundan Beads,15.0,15.0,0,INR,theunikart,1,0,
unified_7dfa01e3bb41,Unknown Product,Golden Kundan Beads,15.0,15.0,0,INR,theunikart,1,0,
unified_71ed5241e996,Unknown Product,Golden Kundan Beads,12.0,12.0,0,INR,theunikart,1,0,
unified_294423bab621,Unknown Product,Golden Kundan Beads,20.0,20.0,0,INR,theunikart,1,0,
unified_ff78b217a7f8,Unknown Product,Golden Kundan Beads,20.0,20.0,0,INR,theunikart,1,0,
unified_a62d1149bff4,Unknown Product,Golden Kundan Beads,15.0,15.0,0,INR,theunikart,1,0,
unified_da2d86d27412,Unknown Product,Golden Kundan Beads,20.0,20.0,0,INR,theunikart,1,0,
unified_6625088939c5,Unknown Product,Golden Kundan Beads,20.0,20.0,0,INR,theunikart,1,0,
unified_9b372d8d5f69,Unknown Product,Golden Kundan Beads,12.0,12.0,0,INR,theunikart,1,0,
unified_d4e8f7cd32e3,Unknown Product,Golden Kundan Beads,20.0,20.0,0,INR,theunikart,1,0,
unified_23e5c4acb55d,Unknown Product,Golden Kundan Beads,15.0,15.0,0,INR,theunikart,1,0,
unified_3126fde609b2,Unknown Product,Golden Kundan Beads,20.0,20.0,0,INR,theunikart,1,0,
unified_160986844c31,Unknown Product,Golden Kundan Beads,12.0,12.0,0,INR,theunikart,1,0,
unified_fe87e5a51f98,Unknown Product,Golden Kundan Beads,15.0,15.0,0,INR,theunikart,1,0,
unified_49b8d34b0bd3,Unknown Product,Golden Kundan Beads,15.0,15.0,0,INR,theunikart,1,0,
unified_37023618b7ae,Unknown Product,Golden Kundan Beads,25.0,25.0,0,INR,theunikart,1,0,
unified_97a483042399,Unknown Product,Golden Kundan Beads,20.0,20.0,0,INR,theunikart,1,0,
unified_7bff3bf54658,Unknown Product,Golden Kundan Beads,15.0,15.0,0,INR,theunikart,1,0,
unified_61690e00e5c3,Unknown Product,Golden Kundan Beads,25.0,25.0,0,INR,theunikart,1,0,
unified_2158508a4b25,Unknown Product,Golden Kundan Beads,15.0,15.0,0,INR,theunikart,1,0,
unified_47e1ffa44640,Unknown Product,Golden Kundan Beads,15.0,15.0,0,INR,theunikart,1,0,
unified_056960e25977,Unknown Product,Golden Kundan Beads,25.0,25.0,0,INR,theunikart,1,0,
unified_68e8b6b33aa9,Unknown Product,Golden Kundan Beads,25.0,25.0,0,INR,theunikart,1,0,
unified_34018af903f2,Unknown Product,Golden Kundan Beads,25.0,25.0,0,INR,theunikart,1,0,
unified_b80fb4cef1b2,Unknown Product,Golden Kundan Beads,25.0,25.0,0,INR,theunikart,1,0,
unified_019d8f78ccb4,Unknown Product,Golden Kundan Beads,15.0,15.0,0,INR,theunikart,1,0,
unified_107ef8051336,Unknown Product,Golden Kundan Beads,25.0,25.0,0,INR,theunikart,1,0,
unified_94badf71aade,Unknown Product,Golden Kundan Beads,15.0,15.0,0,INR,theunikart,1,0,
unified_16c4907ecc46,Unknown Product,Golden Kundan Beads,15.0,15.0,0,INR,theunikart,1,0,
unified_9bc4c7c2b449,Unknown Product,Golden Kundan Beads,15.0,15.0,0,INR,theunikart,1,0,
unified_c937b2b8a640,Unknown Product,Silver Frame Kundan Beads,20.0,20.0,0,INR,theunikart,1,0,
unified_a31e96d0cef9,Unknown Product,Silver Frame Kundan Beads,20.0,20.0,0,INR,theunikart,1,0,
unified_216e1803d426,Unknown Product,Silver Frame Kundan Beads,20.0,20.0,0,INR,theunikart,1,0,
unified_02fc3b678d76,Unknown Product,Glass Kundan 3mm Round,20.0,20.0,0,INR,theunikart,1,0,
unified_2f17a4e87123,Unknown Product,Glass Kundan 3mm Round,20.0,20.0,0,INR,theunikart,1,0,
unified_b97df1f5734f,Unknown Product,Glass Kundan 3mm Round,20.0,20.0,0,INR,theunikart,1,0,
unified_787e77339426,Unknown Product,Glass Kundan 3mm Round,20.0,20.0,0,INR,theunikart,1,0,
unified_563423426d48,Unknown Product,Glass Kundan 3mm Round,20.0,20.0,0,INR,theunikart,1,0,
unified_85604904e89f,Unknown Product,Glass Kundan 3mm Round,20.0,20.0,0,INR,theunikart,1,0,
unified_91e5cf35f1f2,Unknown Product,Glass Kundan 3mm Round,20.0,20.0,0,INR,theunikart,1,0,
unified_4af3cf42e069,Unknown Product,Glass Kundan 3mm Round,20.0,20.0,0,INR,theunikart,1,0,
unified_5c1a16ca9b42,Unknown Product,Glass Kundan 3mm Round,20.0,20.0,0,INR,theunikart,1,0,
unified_972cf0d0512e,Unknown Product,Glass Kundan 3mm Round,20.0,20.0,0,INR,theunikart,1,0,
unified_fbe79ac3a9c6,Unknown Product,Glass Kundan 3mm Round,20.0,20.0,0,INR,theunikart,1,0,
unified_d76c39d15957,Unknown Product,Glass Kundan 3mm Round,20.0,20.0,0,INR,theunikart,1,0,
unified_fb4857807ee8,Unknown Product,Glass Kundan 3mm Round,20.0,20.0,0,INR,theunikart,1,0,
unified_28ba076804e5,Unknown Product,Glass Kundan 3mm Round,20.0,20.0,0,INR,theunikart,1,0,
unified_1dc9fd86dc9a,Unknown Product,Glass Kundan 3mm Round,20.0,20.0,0,INR,theunikart,1,0,
unified_8058d0b26c67,Unknown Product,Glass Kundan 4mm Round,20.0,20.0,0,INR,theunikart,1,0,
unified_8de5cf0c6fed,Unknown Product,Glass Kundan 4mm Round,20.0,20.0,0,INR,theunikart,1,0,
unified_61c662ae44e4,Unknown Product,Glass Kundan 4mm Round,20.0,20.0,0,INR,theunikart,1,0,
unified_33b654f8dec0,Unknown Product,Glass Kundan 4mm Round,20.0,20.0,0,INR,theunikart,1,0,
unified_392712dff4e7,Unknown Product,Glass Kundan 4mm Round,20.0,20.0,0,INR,theunikart,1,0,
unified_13cba77ee1ff,Unknown Product,Glass Kundan 4mm Round,20.0,20.0,0,INR,theunikart,1,0,
unified_7d7425aaf103,Unknown Product,Glass Kundan 4mm Round,20.0,20.0,0,INR,theunikart,1,0,
unified_7d654837758d,Unknown Product,Glass Kundan 4mm Round,20.0,20.0,0,INR,theunikart,1,0,
unified_1dab6b90d344,Unknown Product,Glass Kundan 4mm Round,20.0,20.0,0,INR,theunikart,1,0,
unified_90b281d28cab,Unknown Product,Glass Kundan 4mm Round,20.0,20.0,0,INR,theunikart,1,0,
unified_50d2b8855ee0,Unknown Product,Glass Kundan 4mm Round,20.0,20.0,0,INR,theunikart,1,0,
unified_d4a8fec81191,Unknown Product,Glass Kundan 4mm Round,20.0,20.0,0,INR,theunikart,1,0,
unified_963d1abcb2f0,Unknown Product,Glass Kundan 4mm Round,20.0,20.0,0,INR,theunikart,1,0,
unified_c14f40fb1042,Unknown Product,Glass Kundan 4mm Round,20.0,20.0,0,INR,theunikart,1,0,
unified_b2ebfd47b8a4,Unknown Product,Glass Kundan 4mm Round,25.0,25.0,0,INR,theunikart,1,0,
unified_2817223f3a13,Unknown Product,Glass Kundan 4mm Round,20.0,20.0,0,INR,theunikart,1,0,
unified_89f32d955355,Unknown Product,Glass Kundan 4mm Round,20.0,20.0,0,INR,theunikart,1,0,
unified_869ce5ac6755,Unknown Product,Glass Kundan 4mm Round,20.0,20.0,0,INR,theunikart,1,0,
unified_648f8ee8ad83,Unknown Product,Glass Kundan 4mm Round,25.0,25.0,0,INR,theunikart,1,0,
unified_11d04cdc556b,Unknown Product,Glass Kundan 4mm Round,20.0,20.0,0,INR,theunikart,1,0,
unified_d3d477bd9f7f,Unknown Product,Glass Kundan 4mm Round,20.0,20.0,0,INR,theunikart,1,0,
unified_f89aa40b5d19,Unknown Product,Glass Kundan 4mm Round,25.0,25.0,0,INR,theunikart,1,0,
unified_35e5e5aeb27d,Unknown Product,Glass Kundan 4mm Round,25.0,25.0,0,INR,theunikart,1,0,
unified_90290277bdf2,Unknown Product,Hot Fix Rhinestone,30.0,30.0,0,INR,theunikart,1,0,
unified_b1cd48b0426c,Unknown Product,Hot Fix Rhinestone,30.0,30.0,0,INR,theunikart,1,0,
unified_8f0e984eaa64,Unknown Product,Hot Fix Rhinestone,30.0,30.0,0,INR,theunikart,1,0,
unified_28ba64d4dddf,Unknown Product,Hot Fix Rhinestone,30.0,30.0,0,INR,theunikart,1,0,
unified_5653b30f3ae7,Unknown Product,Hot Fix Rhinestone,30.0,30.0,0,INR,theunikart,1,0,
unified_1bd1f31bc8c4,Unknown Product,Hot Fix Rhinestone,30.0,30.0,0,INR,theunikart,1,0,
unified_a38ced473f4a,Unknown Product,Hot Fix Rhinestone,30.0,30.0,0,INR,theunikart,1,0,
unified_856d2a08527e,Unknown Product,Hot Fix Rhinestone,30.0,30.0,0,INR,theunikart,1,0,
unified_c17c0990256e,Unknown Product,Hot Fix Rhinestone,30.0,30.0,0,INR,theunikart,1,0,
unified_62b32e2fb7a3,Unknown Product,Hot Fix Rhinestone,30.0,30.0,0,INR,theunikart,1,0,
unified_14b4a074676e,Unknown Product,Hot Fix Rhinestone,30.0,30.0,0,INR,theunikart,1,0,
unified_03e070595f0d,Unknown Product,3mm Round Clip Stone,30.0,30.0,0,INR,theunikart,1,0,
unified_468613db9a18,Unknown Product,3mm Round Clip Stone,30.0,30.0,0,INR,theunikart,1,0,
unified_9c790c7dd5f7,Unknown Product,3mm Round Clip Stone,30.0,30.0,0,INR,theunikart,1,0,
unified_4b3c0cc8df72,Unknown Product,3mm Round Clip Stone,30.0,30.0,0,INR,theunikart,1,0,
unified_cf3931b98514,Unknown Product,3mm Round Clip Stone,30.0,30.0,0,INR,theunikart,1,0,
unified_177e45b2184f,Unknown Product,3mm Round Clip Stone,30.0,30.0,0,INR,theunikart,1,0,
unified_227307f713b3,Unknown Product,3mm Round Clip Stone,30.0,30.0,0,INR,theunikart,1,0,
unified_34f3267a7844,Unknown Product,3mm Round Clip Stone,30.0,30.0,0,INR,theunikart,1,0,
unified_aa906e29a30a,Unknown Product,3mm Round Clip Stone,30.0,30.0,0,INR,theunikart,1,0,
unified_3e631a3e8375,Unknown Product,3mm Round Clip Stone,30.0,30.0,0,INR,theunikart,1,0,
unified_e35317c7cfc4,Unknown Product,3mm Round Clip Stone,30.0,30.0,0,INR,theunikart,1,0,
unified_b82de9334535,Unknown Product,3mm Round Clip Stone,30.0,30.0,0,INR,theunikart,1,0,
unified_cc8a213ced15,Unknown Product,3mm Round Clip Stone,30.0,30.0,0,INR,theunikart,1,0,
unified_1fa1570ffd93,Unknown Product,3mm Round Clip Stone,30.0,30.0,0,INR,theunikart,1,0,
unified_a6feca883c9c,Unknown Product,3mm Round Clip Stone,30.0,30.0,0,INR,theunikart,1,0,
unified_625d439eec89,Unknown Product,3mm Round Clip Stone,30.0,30.0,0,INR,theunikart,1,0,
unified_727025a163ba,Unknown Product,3mm Round Clip Stone,30.0,30.0,0,INR,theunikart,1,0,
unified_7a64b594b9fe,Unknown Product,3mm Round Clip Stone,30.0,30.0,0,INR,theunikart,1,0,
unified_2390f5b2dc10,Unknown Product,3mm Round Clip Stone,30.0,30.0,0,INR,theunikart,1,0,
unified_4a51bf3e9f22,Unknown Product,3mm Round Clip Stone,30.0,30.0,0,INR,theunikart,1,0,
unified_ff1432a9d06f,Unknown Product,3mm Round Clip Stone,30.0,30.0,0,INR,theunikart,1,0,
unified_d2763f7e015c,Unknown Product,3mm Round Clip Stone,30.0,30.0,0,INR,theunikart,1,0,
unified_73f1b1e38f0b,Unknown Product,3mm Round Clip Stone,30.0,30.0,0,INR,theunikart,1,0,
unified_b20816009eaf,Unknown Product,3mm Round Clip Stone,30.0,30.0,0,INR,theunikart,1,0,
unified_4a5de137991a,Unknown Product,5mm Round Clip Stone,40.0,40.0,0,INR,theunikart,1,0,
unified_1b0eb95bf96c,Unknown Product,5mm Round Clip Stone,40.0,40.0,0,INR,theunikart,1,0,
unified_b20ed10121ad,Unknown Product,5mm Round Clip Stone,40.0,40.0,0,INR,theunikart,1,0,
unified_a0d42d6f3498,Unknown Product,5mm Round Clip Stone,40.0,40.0,0,INR,theunikart,1,0,
unified_8f2405d4bc98,Unknown Product,5mm Round Clip Stone,40.0,40.0,0,INR,theunikart,1,0,
unified_8f50e0d7430c,Unknown Product,5mm Round Clip Stone,40.0,40.0,0,INR,theunikart,1,0,
unified_1be0a10e915c,Unknown Product,5mm Round Clip Stone,40.0,40.0,0,INR,theunikart,1,0,
unified_5baa3e7b0d4d,Unknown Product,5mm Round Clip Stone,40.0,40.0,0,INR,theunikart,1,0,
unified_1b35a39eccb8,Unknown Product,5mm Round Clip Stone,40.0,40.0,0,INR,theunikart,1,0,
unified_081004c3de70,Unknown Product,5mm Round Clip Stone,40.0,40.0,0,INR,theunikart,1,0,
unified_fbfd15234136,Unknown Product,5mm Round Clip Stone,40.0,40.0,0,INR,theunikart,1,0,
unified_1869184057bd,Unknown Product,5mm Round Clip Stone,40.0,40.0,0,INR,theunikart,1,0,
unified_52d544fc2948,Unknown Product,5mm Round Clip Stone,40.0,40.0,0,INR,theunikart,1,0,
unified_88a651b06564,Unknown Product,5mm Round Clip Stone,40.0,40.0,0,INR,theunikart,1,0,
unified_dffb10bb06cf,Unknown Product,6mm Round Clip Stone,40.0,40.0,0,INR,theunikart,1,0,
unified_b3c88f0d185b,Unknown Product,8mm Round Clip Stone,25.0,25.0,0,INR,theunikart,1,0,
unified_34a9274546ce,Unknown Product,8mm Round Clip Stone,25.0,25.0,0,INR,theunikart,1,0,
unified_f9294f46d639,Unknown Product,8mm Round Clip Stone,25.0,25.0,0,INR,theunikart,1,0,
unified_653c6cbcf9cf,Unknown Product,8mm Round Clip Stone,25.0,25.0,0,INR,theunikart,1,0,
unified_c216536b0f7a,Unknown Product,8mm Round Clip Stone,25.0,25.0,0,INR,theunikart,1,0,
unified_de805bc81a5b,Unknown Product,8mm Round Clip Stone,25.0,25.0,0,INR,theunikart,1,0,
unified_ee844a80d2a9,Unknown Product,8mm Round Clip Stone,25.0,25.0,0,INR,theunikart,1,0,
unified_181ceef5e38f,Unknown Product,8mm Round Clip Stone,25.0,25.0,0,INR,theunikart,1,0,
unified_107ae6175daa,Unknown Product,Curve Bangles,99.0,99.0,0,INR,theunikart,1,0,
unified_5e8d45aecfa2,Unknown Product,Curve Bangles,99.0,99.0,0,INR,theunikart,1,0,
unified_00bc2f30eeda,Unknown Product,Curve Bangles,99.0,99.0,0,INR,theunikart,1,0,
unified_ca8f9a35008e,Unknown Product,Curve Bangles,99.0,99.0,0,INR,theunikart,1,0,
unified_b48cb22f712e,Unknown Product,Curve Bangles,170.0,170.0,0,INR,theunikart,1,0,
unified_3f85902aca4e,Unknown Product,Curve Bangles,145.0,145.0,0,INR,theunikart,1,0,
unified_9c356f374701,Unknown Product,Metal Bangles,45.0,45.0,0,INR,theunikart,1,0,
unified_248284cd0c51,Unknown Product,Metal Bangles,60.0,60.0,0,INR,theunikart,1,0,
unified_ddb23e7dd397,Unknown Product,Metal Bangles,80.0,80.0,0,INR,theunikart,1,0,
unified_7915e7a8ae92,Unknown Product,Metal Bangles,85.0,85.0,0,INR,theunikart,1,0,
unified_e9b5c419e55d,Unknown Product,Metal Bangles,85.0,85.0,0,INR,theunikart,1,0,
unified_63aa53f96033,Unknown Product,Glue,35.0,35.0,0,INR,theunikart,1,0,
unified_09c092d774e4,Unknown Product,Glue,25.0,25.0,0,INR,theunikart,1,0,
unified_05b7405be404,Unknown Product,Glue,11.0,11.0,0,INR,theunikart,1,0,
unified_c04e2ed55e2e,Unknown Product,Glue,55.0,55.0,0,INR,theunikart,1,0,
unified_237a8e1e6433,Unknown Product,Glue,37.0,37.0,0,INR,theunikart,1,0,
unified_ec2b2e107e3b,Unknown Product,Glue,17.0,17.0,0,INR,theunikart,1,0,
unified_3a92bca5309f,Unknown Product,Stone Chain,120.0,120.0,0,INR,theunikart,1,0,Approximate 4.5 Meters In 1 Bunch
unified_060ff8cb54ef,Unknown Product,Stone Chain,25.0,25.0,0,INR,theunikart,1,0,
unified_69b37c7a80db,Unknown Product,Stone Chain,30.0,30.0,0,INR,theunikart,1,0,
unified_208041eb161d,Unknown Product,Stone Chain,20.0,20.0,0,INR,theunikart,1,0,
unified_7462fd221960,Unknown Product,Stone Chain,30.0,30.0,0,INR,theunikart,1,0,
unified_6d96315493fc,Unknown Product,Stone Chain,20.0,20.0,0,INR,theunikart,1,0,
unified_33d46b131d4b,Unknown Product,Stone Chain,20.0,20.0,0,INR,theunikart,1,0,
unified_669226a23ed9,Unknown Product,Stone Chain,22.0,22.0,0,INR,theunikart,1,0,
unified_759ef4d9e4b8,Unknown Product,Stone Chain,22.0,22.0,0,INR,theunikart,1,0,
unified_9d3e13d8bc0c,Unknown Product,Stone Chain,22.0,22.0,0,INR,theunikart,1,0,
unified_38b646c73131,Unknown Product,Stone Chain,20.0,20.0,0,INR,theunikart,1,0,
unified_b66ec416eb27,Unknown Product,Stone Chain,20.0,20.0,0,INR,theunikart,1,0,
unified_4fc514f7a7a2,Unknown Product,Stone Chain,20.0,20.0,0,INR,theunikart,1,0,
unified_b3d3ffb76890,Unknown Product,Stone Chain,20.0,20.0,0,INR,theunikart,1,0,
unified_db56d0204570,Unknown Product,Stone Chain,22.0,22.0,0,INR,theunikart,1,0,
unified_5beb2a4c2702,Unknown Product,Stone Chain,22.0,22.0,0,INR,theunikart,1,0,
unified_7aded13c10e4,Unknown Product,Stone Chain,22.0,22.0,0,INR,theunikart,1,0,
unified_e84cb126cb08,Unknown Product,Stone Chain,22.0,22.0,0,INR,theunikart,1,0,
unified_8bac1eefeec9,Unknown Product,Stone Chain,22.0,22.0,0,INR,theunikart,1,0,
unified_bd72cdb65786,Unknown Product,Stone Chain,22.0,22.0,0,INR,theunikart,1,0,
unified_c3190912718d,Unknown Product,Stone Chain,22.0,22.0,0,INR,theunikart,1,0,
unified_c4dcb7a3185c,Unknown Product,Stone Chain,22.0,22.0,0,INR,theunikart,1,0,
unified_f52f6504fe40,Unknown Product,Stone Chain,22.0,22.0,0,INR,theunikart,1,0,
unified_1230f679727f,Unknown Product,Stone Chain,22.0,22.0,0,INR,theunikart,1,0,
unified_b98467857821,Unknown Product,Stone Chain,22.0,22.0,0,INR,theunikart,1,0,
unified_eea5de0397dd,Unknown Product,Stone Chain,30.0,30.0,0,INR,theunikart,1,0,
unified_a0186d8e65e3,Unknown Product,Stone Chain,22.0,22.0,0,INR,theunikart,1,0,
unified_5f73d6c50b50,Unknown Product,Stone Chain,22.0,22.0,0,INR,theunikart,1,0,
unified_de9db644d5a3,Unknown Product,Stone Chain,30.0,30.0,0,INR,theunikart,1,0,
unified_16a78038c415,Unknown Product,Stone Chain,22.0,22.0,0,INR,theunikart,1,0,
unified_9556ce7c3a84,Unknown Product,Stone Chain,22.0,22.0,0,INR,theunikart,1,0,
unified_080f4435f111,Unknown Product,Stone Chain,22.0,22.0,0,INR,theunikart,1,0,
unified_b96d5aa71bf1,Unknown Product,Jewellery Findings,25.0,25.0,0,INR,theunikart,1,0,
unified_9bf13ee9d097,Unknown Product,Jewellery Findings,25.0,25.0,0,INR,theunikart,1,0,
unified_abcaf78030d5,Unknown Product,Jewellery Findings,25.0,25.0,0,INR,theunikart,1,0,
unified_4dac07088213,Unknown Product,Jewellery Findings,25.0,25.0,0,INR,theunikart,1,0,
unified_d3521485f3e0,Unknown Product,Jewellery Findings,25.0,25.0,0,INR,theunikart,1,0,
unified_914312412bf8,Unknown Product,Jewellery Findings,25.0,25.0,0,INR,theunikart,1,0,
unified_4e701f190fd1,Unknown Product,Jewellery Findings,25.0,25.0,0,INR,theunikart,1,0,
unified_c1cfb6e954a3,Unknown Product,Jewellery Findings,25.0,25.0,0,INR,theunikart,1,0,
unified_cb9a6795d0c4,Unknown Product,Jewellery Findings,25.0,25.0,0,INR,theunikart,1,0,
unified_3c6490103313,Unknown Product,Jewellery Findings,25.0,25.0,0,INR,theunikart,1,0,
unified_5a8ebd5713d5,Unknown Product,Jewellery Findings,12.0,12.0,0,INR,theunikart,1,0,
unified_3c166ca353d6,Unknown Product,Jewellery Findings,40.0,40.0,0,INR,theunikart,1,0,
unified_ab54b3fca1a4,Unknown Product,Jewellery Findings,25.0,25.0,0,INR,theunikart,1,0,
unified_74eae16bfbcb,Unknown Product,Jewellery Findings,25.0,25.0,0,INR,theunikart,1,0,
unified_9751224fce51,Unknown Product,Jewellery Findings,25.0,25.0,0,INR,theunikart,1,0,
unified_f1887f610231,Unknown Product,Jewellery Findings,25.0,25.0,0,INR,theunikart,1,0,
unified_ea7b395f0346,Unknown Product,Jewellery Findings,10.0,10.0,0,INR,theunikart,1,0,
unified_a6ea1f64d9d9,Unknown Product,Jewellery Findings,25.0,25.0,0,INR,theunikart,1,0,
unified_f0ca21f87d05,Unknown Product,Jewellery Findings,3.0,3.0,0,INR,theunikart,1,0,
unified_c68717db03be,Unknown Product,Jewellery Findings,25.0,25.0,0,INR,theunikart,1,0,
unified_75eecabd08c6,Unknown Product,Jewellery Findings,25.0,25.0,0,INR,theunikart,1,0,
unified_628812597f18,Unknown Product,Jewellery Findings,5.0,5.0,0,INR,theunikart,1,0,
unified_1574a3d7e490,Unknown Product,Jewellery Findings,25.0,25.0,0,INR,theunikart,1,0,
unified_f57961f56a1b,Unknown Product,Anti Tarnish Chains,20.0,20.0,0,INR,theunikart,1,0,
unified_2857a4ed3d91,Unknown Product,Anti Tarnish Chains,30.0,30.0,0,INR,theunikart,1,0,
unified_6172940725d0,Unknown Product,Anti Tarnish Chains,30.0,30.0,0,INR,theunikart,1,0,
unified_98205535e086,Unknown Product,Ring Base,25.0,25.0,0,INR,theunikart,1,0,
unified_e0eb43b19524,Unknown Product,Ring Base,25.0,25.0,0,INR,theunikart,1,0,
unified_63e1c74995ef,Unknown Product,Ring Base,25.0,25.0,0,INR,theunikart,1,0,
unified_d9832f65f1ff,Unknown Product,Pendant & Jhumka,249.0,249.0,0,INR,theunikart,1,0,
unified_a8a3332c16cf,Unknown Product,Pendant & Jhumka,20.0,20.0,0,INR,theunikart,1,0,
unified_dfc12207e963,Unknown Product,Pendant & Jhumka,20.0,20.0,0,INR,theunikart,1,0,
unified_0807115cc1d4,Unknown Product,Pendant & Jhumka,20.0,20.0,0,INR,theunikart,1,0,
unified_336eb2e9d485,Unknown Product,Pendant & Jhumka,20.0,20.0,0,INR,theunikart,1,0,
unified_a4a120efff57,Unknown Product,Pendant & Jhumka,15.0,15.0,0,INR,theunikart,1,0,
unified_768af9ddeca4,Unknown Product,Pendant & Jhumka,200.0,200.0,0,INR,theunikart,1,0,
unified_5415e62bafeb,Unknown Product,Pendant & Jhumka,165.0,165.0,0,INR,theunikart,1,0,
unified_a1c2839be2f5,Unknown Product,U Pin,30.0,30.0,0,INR,theunikart,1,0,
unified_013ab7449e0e,Unknown Product,U Pin,20.0,20.0,0,INR,theunikart,1,0,
unified_c912930a0ae9,Unknown Product,U Pin,25.0,25.0,0,INR,theunikart,1,0,
unified_84100f7a7455,Unknown Product,U Pin,25.0,25.0,0,INR,theunikart,1,0,
unified_4e6945fd7722,Unknown Product,U Pin,25.0,25.0,0,INR,theunikart,1,0,
unified_d95feb906d0e,Unknown Product,Clips,100.0,100.0,0,INR,theunikart,1,0,
unified_38f80e6ad498,Unknown Product,Clips,90.0,90.0,0,INR,theunikart,1,0,
unified_8ddacdbeb4ed,Unknown Product,Clips,80.0,80.0,0,INR,theunikart,1,0,
unified_8650718bf286,Unknown Product,Clips,90.0,90.0,0,INR,theunikart,1,0,
unified_398c3fadba97,Unknown Product,Clips,80.0,80.0,0,INR,theunikart,1,0,
unified_3c524f2d7383,Unknown Product,Hair Band,30.0,30.0,0,INR,theunikart,1,0,
unified_35a1bd346b70,Unknown Product,Hair Band,25.0,25.0,0,INR,theunikart,1,0,
unified_dde3f1f2afe2,Unknown Product,Potli Bag,10.0,10.0,0,INR,theunikart,1,0,
unified_fb37a45c0ac0,Unknown Product,Plastic Bag,12.0,12.0,0,INR,theunikart,1,0,
unified_57848cae9cc1,Unknown Product,Plastic Bag,15.0,15.0,0,INR,theunikart,1,0,
unified_518d56b9a189,Unknown Product,Plastic Bag,10.0,10.0,0,INR,theunikart,1,0,
unified_22c57fc31b06,Unknown Product,Plastic Bag,20.0,20.0,0,INR,theunikart,1,0,
unified_eae60f9dc697,Unknown Product,Plastic Bag,14.0,14.0,0,INR,theunikart,1,0,
unified_ab40f4889bcd,Unknown Product,Plastic Bag,25.0,25.0,0,INR,theunikart,1,0,
unified_b7f7241964fb,Unknown Product,Plastic Bag,15.0,15.0,0,INR,theunikart,1,0,
unified_7479aa25982f,Unknown Product,Plastic Bag,10.0,10.0,0,INR,theunikart,1,0,
unified_5330ddfba8b9,Unknown Product,Plastic Bag,25.0,25.0,0,INR,theunikart,1,0,
unified_2dc52439977a,Unknown Product,Plastic Bag,10.0,10.0,0,INR,theunikart,1,0,
unified_bd5f1d06f717,Unknown Product,Plastic Bag,22.0,22.0,0,INR,theunikart,1,0,
unified_44f8e3fdb17d,Unknown Product,Plastic Bag,25.0,25.0,0,INR,theunikart,1,0,
unified_632c44bd4d0b,Unknown Product,Plastic Bag,17.0,17.0,0,INR,theunikart,1,0,
unified_c914e9fb338e,Unknown Product,Zip Lock Bag,14.0,14.0,0,INR,theunikart,1,0,
unified_bbc0b2cf6b0e,Unknown Product,Zip Lock Bag,10.0,10.0,0,INR,theunikart,1,0,
unified_e8170ec44cd7,Unknown Product,Zip Lock Bag,12.0,12.0,0,INR,theunikart,1,0,
unified_422bfef5e08d,Unknown Product,Corrugated Boxes,55.0,55.0,0,INR,theunikart,1,0,
unified_8e86be8eb261,Unknown Product,Corrugated Boxes,65.0,65.0,0,INR,theunikart,1,0,
unified_52f5446f1a59,Unknown Product,Corrugated Boxes,50.0,50.0,0,INR,theunikart,1,0,
unified_224727cf066d,Unknown Product,Cut Beads,12.0,12.0,0,INR,theunikart,1,0,
unified_72bbad4e5bf1,Unknown Product,Cut Beads,12.0,12.0,0,INR,theunikart,1,0,
unified_fce7a6c86ec1,Unknown Product,Cut Beads,12.0,12.0,0,INR,theunikart,1,0,
unified_ffd27cb6ba44,Unknown Product,Cut Beads,12.0,12.0,0,INR,theunikart,1,0,
unified_edbcefdd989d,Unknown Product,Cut Beads,12.0,12.0,0,INR,theunikart,1,0,
unified_806da457e136,Unknown Product,Cut Beads,12.0,12.0,0,INR,theunikart,1,0,
unified_f3a5a49d0f99,Unknown Product,Cut Beads,12.0,12.0,0,INR,theunikart,1,0,
unified_d5297586d594,Unknown Product,Cut Beads,12.0,12.0,0,INR,theunikart,1,0,
unified_888e0c70d45e,Unknown Product,Cut Beads,12.0,12.0,0,INR,theunikart,1,0,
unified_d24d1605ebce,Unknown Product,Cut Beads,12.0,12.0,0,INR,theunikart,1,0,
unified_2b6118c31a71,Unknown Product,Cut Beads,12.0,12.0,0,INR,theunikart,1,0,
unified_c7e62b2bc77c,Unknown Product,Cut Beads,12.0,12.0,0,INR,theunikart,1,0,
unified_73bcf57a2e61,Unknown Product,Cut Beads,12.0,12.0,0,INR,theunikart,1,0,
unified_952646eb4fe9,Unknown Product,Cut Beads,12.0,12.0,0,INR,theunikart,1,0,
unified_97b266c12c13,Unknown Product,Cut Beads,12.0,12.0,0,INR,theunikart,1,0,
unified_21f4585e51f4,Unknown Product,Cut Beads,12.0,12.0,0,INR,theunikart,1,0,
unified_24d88af7310f,Unknown Product,Cut Beads,12.0,12.0,0,INR,theunikart,1,0,
unified_05554d410e00,Unknown Product,Cut Beads,12.0,12.0,0,INR,theunikart,1,0,
unified_a649ea70bed9,Unknown Product,Cut Beads,12.0,12.0,0,INR,theunikart,1,0,
unified_73ce87b2a905,Unknown Product,Cut Beads,12.0,12.0,0,INR,theunikart,1,0,
unified_d49f8e34aa11,Unknown Product,Cut Beads,12.0,12.0,0,INR,theunikart,1,0,
unified_e30d4f0ae900,Unknown Product,Cut Beads,12.0,12.0,0,INR,theunikart,1,0,
unified_0c2c4bd838c5,Unknown Product,Cut Beads,12.0,12.0,0,INR,theunikart,1,0,
unified_9d4dc3fd2e37,Unknown Product,Cut Beads,12.0,12.0,0,INR,theunikart,1,0,
unified_c11ead7e1870,Unknown Product,Cut Beads,12.0,12.0,0,INR,theunikart,1,0,
unified_1273098e691a,Unknown Product,Cut Beads,12.0,12.0,0,INR,theunikart,1,0,
unified_15a34c2887b8,Unknown Product,Cut Beads,12.0,12.0,0,INR,theunikart,1,0,
unified_6f0c42530714,Unknown Product,Cut Beads,12.0,12.0,0,INR,theunikart,1,0,
unified_573efe827e87,Unknown Product,Cut Beads,12.0,12.0,0,INR,theunikart,1,0,
unified_a52804ab214d,Unknown Product,Cut Beads,12.0,12.0,0,INR,theunikart,1,0,
unified_9ebf7aaef1e1,Unknown Product,Cut Beads,12.0,12.0,0,INR,theunikart,1,0,
unified_62641a8d8abd,Unknown Product,Cut Beads,12.0,12.0,0,INR,theunikart,1,0,
unified_9b74af8c2058,Unknown Product,Cut Beads,12.0,12.0,0,INR,theunikart,1,0,
unified_f5ea58200206,Unknown Product,Cut Beads,12.0,12.0,0,INR,theunikart,1,0,
unified_0ceabd412bec,Unknown Product,Cut Beads,12.0,12.0,0,INR,theunikart,1,0,
unified_6c73fac2f655,Unknown Product,Cut Beads,12.0,12.0,0,INR,theunikart,1,0,
unified_97d8d3196c0d,Unknown Product,Cut Beads,12.0,12.0,0,INR,theunikart,1,0,
unified_63bdd6dc66c9,Unknown Product,Cut Beads,12.0,12.0,0,INR,theunikart,1,0,
unified_0726cce71bb5,Unknown Product,Cut Beads,12.0,12.0,0,INR,theunikart,1,0,
unified_de7cb8e5d4d2,Unknown Product,Cut Beads,12.0,12.0,0,INR,theunikart,1,0,
unified_28617e981967,Unknown Product,Cut Beads,12.0,12.0,0,INR,theunikart,1,0,
unified_f6344de29c3b,Unknown Product,Cut Beads,12.0,12.0,0,INR,theunikart,1,0,
unified_c46ee4bd46d1,Unknown Product,Pearl Beads,79.0,79.0,0,INR,theunikart,1,0,
unified_09c5471bcdf2,Unknown Product,Pearl Beads,120.0,120.0,0,INR,theunikart,1,0,
unified_a3491ebb895b,Unknown Product,Pearl Beads,40.0,40.0,0,INR,theunikart,1,0,
unified_be65176d0e7d,Unknown Product,Pearl Beads,65.0,65.0,0,INR,theunikart,1,0,
unified_aa4552c8c518,Unknown Product,Pearl Beads,25.0,25.0,0,INR,theunikart,1,0,
